name,time,sleep-driving
DM1,1678479484484784679,1
DM1,1678479502679280222,1
DM1,1678487466297338742,1
DM1,1678487489517599878,1
DM1,1678487537505319184,1
DM1,1678487838467647783,1
DM1,1678500265163720063,1
DM1,1678500361459189524,1
DM1,1678500387381977824,1
DM1,1678501692233257490,1
DM1,1678501706264544786,1
DM1,1678501770633471235,1
DM1,1678501898582717219,1
DM1,1678510103267480282,1
DM1,1678516646700905446,1
DM1,1678516676862173989,1
DM1,1678527614077217044,1
DM1,1678527631860455790,1
DM1,1678569321892474969,1
DM1,1678569337957543355,1
DM1,1678573055633141350,1
DM1,1678573063441272609,1
DM1,1678573085522405447,1
DM1,1678573102021547598,1
DM1,1678573131547236114,1
DM1,1678573782357759681,1
DM1,1678573807344646236,1
DM1,1678578436698803805,1
DM1,1678578633987742982,1
DM1,1678578645929839669,1
DM1,1678579036141303386,1
DM1,1678584954364488964,1
DM1,1678584968336498230,1
DM1,1678586114873597109,1
DM1,1678590141395904766,1
DM1,1678591362843010721,1
DM1,1678599061133211927,1
DM1,1678599080474671364,1
DM1,1678599100381922595,1
DM1,1678599715348648549,1
DM1,1678600470352200895,1
DM1,1678600794971847563,1
DM1,1678600911925134303,1
DM1,1678601527718691186,1
DM1,1678601596746349699,1
DM1,1678601644882219262,1
DM1,1678601668163585494,1
DM1,1678601677939700551,1
DM1,1678601942773267191,1
DM1,1678601951752346875,1
DM1,1678601983277731049,1
DM1,1678602029037256492,1
DM1,1678602156714148643,1
DM1,1678602265061505466,1
DM1,1678602395589413479,1
DM1,1678607653050988402,1
DM1,1678607672138730130,1
